time_seconds,ant_cumulative_food_per_agent,astar_cumulative_food_per_agent,ant_food_gained_this_step,astar_food_gained_this_step,ant_smoothed_food_per_agent_per_second,astar_smoothed_food_per_agent_per_second,,STATISTICS SUMMARY,,
1.000000,0.000000,0.000000,0,0,0.000000,0.000000,Statistic,Ant,A*
2.000000,0.000000,0.000000,0,0,0.000000,0.000000,Final cumulative / agent,0.0000,0.0000
3.000000,0.000000,0.000000,0,0,0.000000,0.000000,Mean cumulative / agent,0.0000,0.0000
4.000000,0.000000,0.000000,0,0,0.000000,0.000000,Mean return rate / agent / s,0.0000,0.0000
5.000000,0.000000,0.000000,0,0,0.000000,0.000000,Mean smoothed rate / agent / s,0.0000,0.0000
6.000000,0.000000,0.000000,0,0,0.000000,0.000000,Rate variability (SD),0.0000,0.0000
7.000000,0.000000,0.000000,0,0,0.000000,0.000000,Rate variability (CV %),N/A,N/A
8.000000,0.000000,0.000000,0,0,0.000000,0.000000,Peak return rate / agent / s,0.0000,0.0000
9.000000,0.000000,0.000000,0,0,0.000000,0.000000,Total food returned,0,0
10.000000,0.000000,0.000000,0,0,0.000000,0.000000,First return (s),N/A,N/A
11.000000,0.000000,0.000000,0,0,0.000000,0.000000,,,
12.000000,0.000000,0.000000,0,0,0.000000,0.000000,,,
13.000000,0.000000,0.000000,0,0,0.000000,0.000000,,,
14.000000,0.000000,0.000000,0,0,0.000000,0.000000,,,
15.000000,0.000000,0.000000,0,0,0.000000,0.000000,,,
16.000000,0.000000,0.000000,0,0,0.000000,0.000000,,,
17.000000,0.000000,0.000000,0,0,0.000000,0.000000,,,
18.000000,0.000000,0.000000,0,0,0.000000,0.000000,,,
19.000000,0.000000,0.000000,0,0,0.000000,0.000000,,,
20.000000,0.000000,0.000000,0,0,0.000000,0.000000,,,
21.000000,0.000000,0.000000,0,0,0.000000,0.000000,,,
22.000000,0.000000,0.000000,0,0,0.000000,0.000000,,,
23.000000,0.000000,0.000000,0,0,0.000000,0.000000,,,
24.000000,0.000000,0.000000,0,0,0.000000,0.000000,,,
25.000000,0.000000,0.000000,0,0,0.000000,0.000000,,,
26.000000,0.000000,0.000000,0,0,0.000000,0.000000,,,
27.000000,0.000000,0.000000,0,0,0.000000,0.000000,,,
28.000000,0.000000,0.000000,0,0,0.000000,0.000000,,,
29.000000,0.000000,0.000000,0,0,0.000000,0.000000,,,
30.000000,0.000000,0.000000,0,0,0.000000,0.000000,,,
31.000000,0.000000,0.000000,0,0,0.000000,0.000000,,,
32.000000,0.000000,0.000000,0,0,0.000000,0.000000,,,
33.000000,0.000000,0.000000,0,0,0.000000,0.000000,,,
34.000000,0.000000,0.000000,0,0,0.000000,0.000000,,,
35.000000,0.000000,0.000000,0,0,0.000000,0.000000,,,
36.000000,0.000000,0.000000,0,0,0.000000,0.000000,,,
37.000000,0.000000,0.000000,0,0,0.000000,0.000000,,,
38.000000,0.000000,0.000000,0,0,0.000000,0.000000,,,
39.000000,0.000000,0.000000,0,0,0.000000,0.000000,,,
40.000000,0.000000,0.000000,0,0,0.000000,0.000000,,,
41.000000,0.000000,0.000000,0,0,0.000000,0.000000,,,
42.000000,0.000000,0.000000,0,0,0.000000,0.000000,,,
43.000000,0.000000,0.000000,0,0,0.000000,0.000000,,,
44.000000,0.000000,0.000000,0,0,0.000000,0.000000,,,
45.000000,0.000000,0.000000,0,0,0.000000,0.000000,,,
